100 (38).jpg;;1
100 (19).jpg;0;0
100 (24).jpg;0;0
100 (37).jpg;0;0
100 (10).png;0;0
100 (50).jpg;{TR 05,;1
100 (57).jpg;;1
100 (73).jpg;°o GC™

22!;1
100 (150).jpg;0;0
100 (32).jpg;;1
100 (104).jpg;0;0
100 (86).jpg;ee;1
100 (3).jpeg;ee

OW;1
100 (40).jpg;0;0
100 (170).jpg;0;0
100 (81).jpg;;1
100 (126).jpg;Vea;1
100 (58).jpg;0;0
100 (112).jpg;Se

Pie

=;1
100 (26).jpg;ATEN:

OIL

_ NEW MEXICO;1
100 (124).jpg;0;0
100 (5).jpg;0;0
100 (2).jpg;0;0
100 (167).jpg;0;0
100 (111).jpg;0;0
100 (102).jpg;0;0
100 (82).jpg;0;0
100 (60).jpg;thEG61

KOH KONG;1
100 (95).jpg;0;0
100 (151).jpg;O84iT

DARY';1
100 (64).jpg;=

od;1
100 (28).jpg;XRP

8058;1
100 (1).jpg;0;0
100 (163).jpg;(Ties e

sui;1
100 (16).jpg;GOOGLE;1
100 (120).jpg;;1
100 (172).jpg;yaa

|;1
100 (75).jpg;26°SPF-4;1
100 (106).jpg;0;0
100 (11).jpg;0;0
100 (56).jpg;0;0
100 (80).jpg;yur |;1
100 (119).jpg;75h 100"

t

g;1
100 (88).jpg;0;0
100 (128).jpg;0;0
100 (51).jpg;;1
100 (54).jpg;CHIL-BRD;1
100 (137).jpg;0;0
100 (12).jpg;Lay;1
100 (5).png;|;1
100 (35).jpg;0;0
100 (177).jpg;0;0
100 (181).jpg;|;1
100 (139).jpg;oO;1
100 (65).jpg;0;0
100 (74).jpg;0;0
100 (34).jpg;70-55

PH °¢;1
100 (91).jpg;0;0
100 (141).jpg;0;0
100 (22).jpg;0;0
100 (30).jpg;0;0
100 (92).jpg;;1
100 (142).jpg;|;1
100 (147).jpg;;1
100 (83).jpg;0;0
100 (46).jpg;St RA;1
100 (44).jpg;;1
100 (21).jpg;;1
100 (36).jpg;DNV

) EMPIRE STATE »);1
100 (97).jpg;aS

A

7802.1 N

=;1
100 (155).jpg;q;1
100 (171).jpg;;1
100 (1).jpeg;my a;1
100 (84).jpg;0;0
100 (168).jpg;0;0
100 (115).jpg;B58 BPS.;1
100 (146).jpg;LOLSHUT;1
100 (85).jpg;' Tal;1
100 (4).jpg;Siik “a;1
100 (39).jpg;0;0
100 (129).jpg;;1
100 (105).jpg;;1
100 (2).jpeg;pe emercnmeem,

Pec

z;1
100 (3).jpg;i;1
100 (143).jpg;0;0
100 (178).jpg;GT 7303;1
100 (127).jpg;0;0
100 (134).jpg;HODOR;1
100 (68).jpg;0;0
100 (49).jpg;rl;1
100 (176).jpg;0;0
100 (27).jpg;HIF PG460/

SA

LASKA;1
100 (2).png;;1
100 (29).jpg;ee;1
100 (175).jpg;ea

its

4s) t6]|

‘SLi,;1
100 (98).jpg;0;0
100 (15).jpg;DD 6053;1
100 (66).jpg;65 NEVADA

(17984;1
100 (93).jpg;0;0
100 (174).jpg;!;1
100 (116).jpg;B44 887;1
100 (20).jpg;0;0
100 (25).jpg;0;0
100 (109).jpg;=;1
100 (45).jpg;a0) ae;1
100 (13).jpg;;1
100 (108).jpg;j;1
100 (160).jpg;0;0
100 (59).jpg;[i;1
100 (62).jpg;0;0
100 (130).jpg;0;0
100 (138).jpg;;1
100 (131).jpg;;1
100 (31).jpg;——

————;1
100 (1).png;3NZA760;1
100 (76).jpg;0;0
100 (99).jpg;| a Oe 1;1
100 (6).jpg;;1
100 (114).jpg;0;0
100 (10).jpg;MOTO

SHOW;1
100 (156).jpg;0;0
100 (41).jpg;0;0
100 (87).jpg;;1
100 (43).jpg;0;0
100 (9).jpg;0;0
100 (14).jpg;0;0
100 (89).jpg;-NOBAKA”;1
100 (90).jpg;DZITYXR-;1
100 (71).jpg;0;0
100 (4).jpeg;;1
100 (17).jpg;» 134

T-7;1
100 (100).jpg;;1
100 (5).jpeg;0;0
100 (48).jpg;0;0
100 (153).jpg;0;0
100 (61).jpg;5799KE;1
100 (53).jpg;;1
100 (55).jpg;0;0
100 (42).jpg;;1
100 (8).jpg;RIZ00;1
100 (122).jpg;;1
100 (72).jpg;iia Ba te i ti

Hl me

SL ae;1
100 (96).jpg;f CU 5600;1
100 (78).jpg;By Kis Kts|;1
100 (145).jpg;als;1
100 (161).jpg;0;0
100 (166).jpg;BIKE

REG;1
100 (173).jpg;0;0
100 (159).jpg;DL8CX 4850;1
100 (133).jpg;KA-03-MG - 2784.;1
100 (67).jpg;0;0
100 (101).jpg;a";1
100 (154).jpg;OF

Le;1
100 (79).jpg;The Most Dependable, Longest-Lasting Trucks,

so

bj$/ fy

0

i

Xx

LIKE

¢

E

DIC;1
100 (18).jpg;;1
100 (70).jpg;Ul;1
100 (180).jpg;0;0
100 (117).jpg;;1
100 (47).jpg;mit;1
100 (169).jpg;Ms «61026;1
100 (140).jpg;| RBA

#47-29;1
100 (148).jpg;aa;1
100 (63).jpg;0;0
100 (23).jpg;0;0
100 (157).jpg;OH: 445 789;1
100 (123).jpg;EN 9291

EIT

mete)

fin

798K

EXP06/

96

#3R 67101;1
100 (6).png;0;0
100 (77).jpg;OURPL 8

Cahora.;1
100 (179).jpg;0;0
100 (9).png;;1
100 (121).jpg;;1
100 (3).png;0;0
100 (52).jpg;0;0
100 (125).jpg;R oval 111;1
100 (152).jpg;EuSROcK;1
100 (4).png;ad fd SYA

NLA

2a;1
100 (69).jpg;AlGOD®;1
100 (162).jpg;0;0
100 (8).png;BATMAN;1
100 (149).jpg;0;0
100 (164).jpg;;1
100 (7).png;0;0
100 (11).png;ree (|;1
100 (118).jpg;0;0
100 (12).png;0;0
100 (33).jpg;;1
100 (132).jpg;0;0
100 (113).jpg;0;0
100 (165).jpg;0;0
100 (144).jpg;=yBUer

=p 06

F597];1
100 (158).jpg;0;0
100 (94).jpg;;1
100 (7).jpg;;1
100 (107).jpg;_ iz

_.;1
100 (135).jpg;;1
100 (103).jpg;;1
100 (136).jpg;;1
100 (110).jpg;INDIANA

2020040;1
